servicio_salud,total_area_verde_m2,total_unidades_vecinales,total_area_verde_ha
Metropolitano Oriente,10362698.389711749,170,1036.269838971175
Metropolitano Norte,7131499.477936937,202,713.1499477936936
Metropolitano Central,6942285.450241843,159,694.2285450241843
Metropolitano Occidente,4796166.01585977,282,479.616601585977
Metropolitano Sur Oriente,4567979.908821108,186,456.7979908821108
Metropolitano Sur,4032203.415688811,255,403.2203415688811
Coquimbo,3720683.665519654,171,372.06836655196537
Concepción,3628966.558357852,114,362.8966558357852
O'Higgins,3527743.842871984,160,352.7743842871984
Viña del Mar Quillota,3494238.6623685947,319,349.42386623685945
Maule,3351748.0772724557,160,335.1748077272456
Araucanía Sur,2775409.699906809,54,277.5409699906809
Osorno,2270274.0606953218,36,227.02740606953216
Del Reloncaví,1963224.4641738648,63,196.3224464173865
Valdivia,1907442.8621771096,67,190.74428621771096
Magallanes,1862795.43914803,97,186.279543914803
Antofagasta,1562545.5018466925,129,156.25455018466926
Ñuble,1374001.915876724,119,137.4001915876724
Atacama,1232689.641870323,51,123.26896418703231
Talcahuano,1136888.5922740514,102,113.68885922740515
Valparaíso San Antonio,1051482.8135522364,264,105.14828135522365
Aisén,980768.2815757381,70,98.07682815757381
Iquique,827848.9162058032,90,82.78489162058031
Biobío,804131.4577322996,62,80.41314577322996
Arica,764771.4879921023,105,76.47714879921023
Aconcagua,649829.1508916331,62,64.98291508916331
Chiloé,306832.7086748441,36,30.683270867484413
Araucanía Norte,293523.2135859603,59,29.352321358596026
Arauco,120020.87870366438,31,12.002087870366438
